<?xml version="1.0" encoding="UTF-8"?>
<beans xmlns="http://www.springframework.org/schema/beans"
       xmlns:xsi="http://www.w3.org/2001/XMLSchema-instance"
       xmlns:context="http://www.springframework.org/schema/context"
       xmlns:mvc="http://www.springframework.org/schema/mvc"
       xsi:schemaLocation="http://www.springframework.org/schema/beans http://www.springframework.org/schema/beans/spring-beans.xsd
        http://www.springframework.org/schema/mvc http://www.springframework.org/schema/mvc/spring-mvc-4.0.xsd
        http://www.springframework.org/schema/context http://www.springframework.org/schema/context/spring-context.xsd">
    <context:component-scan base-package="edu.cn.controller"></context:component-scan>

    <!-- 静态资源处理 -->
    <mvc:default-servlet-handler/>

    <mvc:annotation-driven></mvc:annotation-driven>


    <bean id="abstractJSON" class="edu.cn.util.AbstractJSON"/>
    <bean id="trx" class="edu.cn.pojo.Trx"/>
    <!--视图解析-->
    <!--<bean class="org.springframework.web.servlet.view.InternalResourceViewResolver">-->
    <!--<property name="prefix" value="/"/>-->
    <!--<property name="suffix" value=".jsp"/>-->
    <!--</bean>-->

    <!-- 针对freemarker的视图配置 -->
    <bean id="freemarkerResolver" class="org.springframework.web.servlet.view.freemarker.FreeMarkerViewResolver">
        <property name="order" value="1"/>
        <property name="cache" value="true"/>
        <property name="prefix" value=""/>
        <property name="suffix" value=".ftl"/>
        <property name="contentType" value="text/html;charset=utf-8"/>
        <property name="viewClass">
            <value>org.springframework.web.servlet.view.freemarker.FreeMarkerView</value>
        </property>
        <property name="requestContextAttribute" value="rc"/>
    </bean>

    <!-- freemaker配置 -->
    <bean id="freemarkerConfig" class="org.springframework.web.servlet.view.freemarker.FreeMarkerConfigurer">
        <property name="templateLoaderPath">
            <value>/template</value>
        </property>
        <property name="freemarkerSettings"><!-- 设置FreeMarker环境属性 -->
            <props>
                <prop key="template_update_delay">5</prop><!--刷新模板的周期，单位为秒 -->
                <prop key="default_encoding">UTF-8</prop><!--模板的编码格式 -->
                <prop key="locale">UTF-8</prop><!-- 本地化设置 -->
                <prop key="datetime_format">yyyy-MM-dd HH:mm:ss</prop>
                <prop key="time_format">HH:mm:ss</prop>
                <prop key="number_format">0.####</prop>
                <prop key="boolean_format">true,false</prop>
                <prop key="whitespace_stripping">true</prop>
                <prop key="tag_syntax">auto_detect</prop>
                <prop key="url_escaping_charset">UTF-8</prop>
                <prop key="classic_compatible">true</prop> <!--用于解决前端报空指针问题-->
            </props>
        </property>
    </bean>
</beans>