<?xml version="1.0" encoding="UTF-8" ?>
<!DOCTYPE mapper PUBLIC "-//mybatis.org//DTD Mapper 3.0//EN" "http://mybatis.org/dtd/mybatis-3-mapper.dtd">

<mapper namespace="edu.cn.dao.SaleDAO">

    <resultMap id="contentMap" type="edu.cn.pojo.Content">
        <id property="id" column="id"/>
        <result property="summary" column="abstract"/>
        <result property="image" column="icon"/>
        <result property="detail" column="text"/>
    </resultMap>
    <!--根据id查询内容-->
    <select id="getContenId" parameterType="Integer" resultMap="contentMap">
        select * from content where id = #{id}
    </select>

    <!--更新内容信息-->
    <update id="updateConten" parameterType="edu.cn.pojo.Content">
        update content set price = #{price},title = #{title},icon = #{image},abstract = #{summary},text = #{detail}
        where id = #{id}
    </update>

    <!--获取用户-->
    <select id="getUser" parameterType="String" resultType="edu.cn.pojo.Person">
        select * from person where userName = #{userName}
    </select>

    <!--根据id删除内容-->
    <delete id="delContent" parameterType="Integer">
        delete from content where id = #{id}
    </delete>

    <!--插入时获取主键-->
    <insert id="insertPublic" parameterType="edu.cn.pojo.Content" useGeneratedKeys="true" keyProperty="id">
        insert into content (price,title,icon,abstract,text)
        values(#{price},#{title},#{image},#{summary},#{detail})
    </insert>

    <resultMap id="productMap" type="edu.cn.pojo.Product">
        <id property="id" column="id"/>
        <result property="summary" column="abstract"/>
        <result property="image" column="icon"/>
        <result property="detail" column="text"/>
    </resultMap>

    <!--查询全部内容-->
    <select id="getContent" resultMap="productMap">
        select * from content
    </select>

    <!--查看内容详细-->
    <select id="getProduct" parameterType="Integer" resultMap="productMap">
        select * from content where id = #{id}
    </select>

    <!--根据contentId查询交易记录-->
    <select id="getTrx" resultType="edu.cn.pojo.Trx">
        select * from trx where contentId = #{id}
    </select>

    <insert id="insertTrx" parameterType="edu.cn.pojo.Trx">
        insert into trx (contentId,personId,price,time)
        values(#{contentId},#{personId},#{price},#{time})
    </insert>

</mapper>